path,target
C:\temp\i-love-data\grabbers\downloads\broken\a96b99a3c6c7fe6af9db0236390f90f1.jpg,broken
C:\temp\i-love-data\grabbers\downloads\good\91.71wcaoUOnCL._SX466_.jpg,good
C:\temp\i-love-data\grabbers\downloads\broken\20.2678-crushed-soda-can-coca-cola.jpg,broken
C:\temp\i-love-data\grabbers\downloads\good\7990679723_accd1fa008_o.jpg,good
C:\temp\i-love-data\grabbers\downloads\broken\49.depositphotos_34585661-stock-photo-crushed-soda-can.jpg,broken
C:\temp\i-love-data\grabbers\downloads\broken\crushed-soda-can.jpg,broken
C:\temp\i-love-data\grabbers\downloads\good\35.soda-cans-candy-wmark_300x300.jpg,good
C:\temp\i-love-data\grabbers\downloads\good\Soda-Can-Mockup-Free-03.jpg,good
C:\temp\i-love-data\grabbers\downloads\good\34.maxresdefault.jpg,good
C:\temp\i-love-data\grabbers\downloads\good\soda-can-free-psd-mockup2.jpg,good
C:\temp\i-love-data\grabbers\downloads\good\92.pepsico.jpeg,good
C:\temp\i-love-data\grabbers\downloads\good\7b2c2774409701.5c2ede125add7.jpg,good
C:\temp\i-love-data\grabbers\downloads\good\drink-food-Soda+Can.png (1).png,good
C:\temp\i-love-data\grabbers\downloads\broken\2799262_Crushed_Soda_Can_3_Coca_Cola_0010.jpg,broken
C:\temp\i-love-data\grabbers\downloads\broken\20100127_3049.jpg,broken
C:\temp\i-love-data\grabbers\downloads\broken\12.eade9fe6e971fef889283a3a3b568ac3.jpg,broken
C:\temp\i-love-data\grabbers\downloads\good\diy-mini-soda-cans-beads-tutorial.jpg,good
C:\temp\i-love-data\grabbers\downloads\broken\red-crushed-soda-can-picture-id901670600.jpg,broken
C:\temp\i-love-data\grabbers\downloads\broken\crushed-michael-kraus.jpg,broken
C:\temp\i-love-data\grabbers\downloads\good\soda.jpg (2).jpg,good
C:\temp\i-love-data\grabbers\downloads\good\3701026503_3431bcee1b_z.jpg,good
C:\temp\i-love-data\grabbers\downloads\good\3312461918_7a04348654_o.jpg,good
C:\temp\i-love-data\grabbers\downloads\broken\kissclipart-crushed-soda-can-clipart-drink-can-fiz.jpg,broken
C:\temp\i-love-data\grabbers\downloads\good\Soda-Can-Mockup-Free-PSD-Preview.jpg,good
C:\temp\i-love-data\grabbers\downloads\broken\2799264_Crushed_Soda_Can_3_Coca_Cola_0012.jpg,broken
C:\temp\i-love-data\grabbers\downloads\good\da981f6fe846c0782bcb717706b919ad.jpg,good
C:\temp\i-love-data\grabbers\downloads\good\Soda.jpg (1).jpg,good
C:\temp\i-love-data\grabbers\downloads\broken\10.17601458-recycling-soda-cans.jpg,broken
C:\temp\i-love-data\grabbers\downloads\good\TA140-Generic-Cola-Soda-Can.jpg,good
C:\temp\i-love-data\grabbers\downloads\good\155943.jpg,good
C:\temp\i-love-data\grabbers\downloads\good\coke-1.jpg,good
C:\temp\i-love-data\grabbers\downloads\broken\crushed-soda-can-aluminum-lOQlaX9-600.jpg,broken
C:\temp\i-love-data\grabbers\downloads\broken\2798893_Crushed_Soda_Can_2_Coca_Cola_0003.jpg,broken
C:\temp\i-love-data\grabbers\downloads\good\soda-cans-istock-radu-bercan-940x540.jpg,good
C:\temp\i-love-data\grabbers\downloads\good\155947.jpg,good
C:\temp\i-love-data\grabbers\downloads\good\30255869.png,good
C:\temp\i-love-data\grabbers\downloads\good\soda-can-free-psd-mockup1.jpg,good
C:\temp\i-love-data\grabbers\downloads\good\coke-can-237ml-soda-png-600_600.jpg,good
C:\temp\i-love-data\grabbers\downloads\good\81a2805334e550fbaf65274868a866a5.jpg,good
C:\temp\i-love-data\grabbers\downloads\good\Can-Soda.png,good
C:\temp\i-love-data\grabbers\downloads\good\45477590734_6fa9097e20_o.jpg,good
C:\temp\i-love-data\grabbers\downloads\good\sunkist.jpg,good
C:\temp\i-love-data\grabbers\downloads\good\9.art_516d9abca1cb6.jpeg,good
C:\temp\i-love-data\grabbers\downloads\broken\8e418a3f2391b619db4875538c1e6b31.jpg,broken
C:\temp\i-love-data\grabbers\downloads\good\233-2339837_crushed-soda-can-clipart-download-coca.png,good
C:\temp\i-love-data\grabbers\downloads\good\2.coke-300x300.jpg,good
C:\temp\i-love-data\grabbers\downloads\broken\red-crushed-soda-can-aluminum-101547795.jpg,broken
C:\temp\i-love-data\grabbers\downloads\broken\2798903_Crushed_Soda_Can_2_Coca_Cola_0013.jpg,broken
C:\temp\i-love-data\grabbers\downloads\good\1174436.jpg,good
C:\temp\i-love-data\grabbers\downloads\good\62.0071373367482_0_A1C1_1200.png,good
C:\temp\i-love-data\grabbers\downloads\good\maxresdefault.jpg,good
C:\temp\i-love-data\grabbers\downloads\good\mini-soda-can-beer-can-mock-up-3-cl-cm.jpg,good
C:\temp\i-love-data\grabbers\downloads\good\CAN-COKE-1.jpg,good
C:\temp\i-love-data\grabbers\downloads\broken\2798717_Crushed_Soda_Can_0008.jpg,broken
C:\temp\i-love-data\grabbers\downloads\good\18.9MIIvYD.jpg,good
C:\temp\i-love-data\grabbers\downloads\good\default.jpg,good
C:\temp\i-love-data\grabbers\downloads\good\160127_em_minisodas.jpg,good
C:\temp\i-love-data\grabbers\downloads\good\e6ba46b7da5b172c5d19dc23fb24fade.jpg,good
C:\temp\i-love-data\grabbers\downloads\broken\5971668395_ba60178d12_o.jpg,broken
C:\temp\i-love-data\grabbers\downloads\good\69.107091518-big-white-and-small-orange-aluminum-soda-cans-mockup-on-black-background-tin-package-of-beer-or-drin.jpg,good
C:\temp\i-love-data\grabbers\downloads\good\sodacans.jpg,good
C:\temp\i-love-data\grabbers\downloads\broken\crushed-soda-can-500x366.jpg,broken
C:\temp\i-love-data\grabbers\downloads\good\4599870819_8ea3306f09_o.jpg,good
C:\temp\i-love-data\grabbers\downloads\good\dr-pepper-soda.jpg,good
C:\temp\i-love-data\grabbers\downloads\good\soda_can.jpg,good
C:\temp\i-love-data\grabbers\downloads\broken\a60ebe74fc95c14dc2fe9988876784ea.jpg,broken
C:\temp\i-love-data\grabbers\downloads\good\3002219464_b00d62eaee_b.jpg,good
C:\temp\i-love-data\grabbers\downloads\good\soda_can_drink_chinese_cola_coca_cola-563411.jpg,good
C:\temp\i-love-data\grabbers\downloads\broken\crushed-can_1600.jpg,broken
C:\temp\i-love-data\grabbers\downloads\good\coca-cola-can.jpg,good
C:\temp\i-love-data\grabbers\downloads\broken\dc09f1a0a5b8761549d9546d58089530.jpg,broken
C:\temp\i-love-data\grabbers\downloads\broken\2798725_Crushed_Soda_Can_0016.jpg,broken
C:\temp\i-love-data\grabbers\downloads\good\soda-can-psd-mockup.jpg,good
C:\temp\i-love-data\grabbers\downloads\broken\193e63c9b770367c4049d63bcd7a1a9f--sodas-d-models.jpg,broken
C:\temp\i-love-data\grabbers\downloads\broken\2798719_Crushed_Soda_Can_0010.jpg,broken
C:\temp\i-love-data\grabbers\downloads\broken\71a723e3ff75e45cb1ccc1fb0b999e61--pencil-art-drawings-easy-drawings.jpg,broken
C:\temp\i-love-data\grabbers\downloads\good\2523166321_174e86a6b8_o.jpg,good
C:\temp\i-love-data\grabbers\downloads\broken\Crush-Diet-Soda-Orange-12oz.jpg,broken
C:\temp\i-love-data\grabbers\downloads\good\63.preview-198547-8bZFNT5PUv-high_0009.jpg,good
C:\temp\i-love-data\grabbers\downloads\good\soda-cans.jpg,good
C:\temp\i-love-data\grabbers\downloads\broken\16.71q3xbiIcOL._SX425_.jpg,broken
C:\temp\i-love-data\grabbers\downloads\broken\crushed-coke-can-picture-id488805387.jpg,broken
C:\temp\i-love-data\grabbers\downloads\broken\61.60-605844_can-clipart-orange-crush-orange-crush-soda-can.png,broken
C:\temp\i-love-data\grabbers\downloads\broken\f6e7904b832be502274dfdc8ea540652.jpg,broken
C:\temp\i-love-data\grabbers\downloads\broken\59.65235163.jpg,broken
C:\temp\i-love-data\grabbers\downloads\good\soda-pop.jpg,good
C:\temp\i-love-data\grabbers\downloads\broken\dbc6862fc0dd9a10e2bd09ad271c304d.jpg,broken
C:\temp\i-love-data\grabbers\downloads\broken\43.098-001.jpg,broken
C:\temp\i-love-data\grabbers\downloads\broken\2278623690_41cf3798d2_z.jpg,broken
C:\temp\i-love-data\grabbers\downloads\good\soda-can-aluminium-white_1308-32368.jpg,good
C:\temp\i-love-data\grabbers\downloads\broken\2799259_Crushed_Soda_Can_3_Coca_Cola_0007.jpg,broken
C:\temp\i-love-data\grabbers\downloads\broken\75.jtx9scmqc7e21.jpg,broken
C:\temp\i-love-data\grabbers\downloads\broken\soda-can-crush-diet-coke-crush-alt-candy-crush-sod.jpg,broken
C:\temp\i-love-data\grabbers\downloads\good\Fanta-Sprite-Coke-01.jpg,good
C:\temp\i-love-data\grabbers\downloads\good\045.jpg,good
C:\temp\i-love-data\grabbers\downloads\broken\crushed-soda-can-24703834.jpg,broken
C:\temp\i-love-data\grabbers\downloads\good\drink-food-Soda+Can.png,good
C:\temp\i-love-data\grabbers\downloads\good\bigstock-coca-cola-and-pepsi-cans-69477991.jpg,good
C:\temp\i-love-data\grabbers\downloads\good\MrAnthony3d_SodaCanSet.jpgfa1e123c-6d94-47ec-98e6-da10dce26372Original.jpg,good
C:\temp\i-love-data\grabbers\downloads\good\90771717_6fc3192bb8_o.jpg,good
C:\temp\i-love-data\grabbers\downloads\broken\crushed-soda-can-13236045.jpg,broken
C:\temp\i-love-data\grabbers\downloads\good\soda_cans_vintage.jpg,good
C:\temp\i-love-data\grabbers\downloads\broken\eade9fe6e971fef889283a3a3b568ac3--coke-cans-food-i.jpg,broken
C:\temp\i-love-data\grabbers\downloads\broken\CrushedSodaCanCocaColac4d3dmodel00.jpg,broken
C:\temp\i-love-data\grabbers\downloads\broken\crushed-soda-can-18632189.jpg,broken
C:\temp\i-love-data\grabbers\downloads\broken\36.depositphotos_169047514-stock-photo-blue-crushed-soda-can.jpg,broken
C:\temp\i-love-data\grabbers\downloads\broken\7166267877_073faedb0b_b.jpg,broken
C:\temp\i-love-data\grabbers\downloads\good\s-l1000.jpg,good
C:\temp\i-love-data\grabbers\downloads\good\40.cans-01.jpg,good
C:\temp\i-love-data\grabbers\downloads\good\77.107091755-two-small-white-and-orange-aluminum-soda-cans-mockup-on-black-background-tin-package-of-beer-or-drin.jpg,good
C:\temp\i-love-data\grabbers\downloads\broken\2798723_Crushed_Soda_Can_0014.jpg,broken
C:\temp\i-love-data\grabbers\downloads\good\44.rBVaSFsc6EyAZiFGAAJ2f1PcoPk161.jpg,good
C:\temp\i-love-data\grabbers\downloads\broken\5853-crushed-soda-can-coca-cola.jpg,broken
C:\temp\i-love-data\grabbers\downloads\good\272799591_9c4c7643c0_o.jpg,good
C:\temp\i-love-data\grabbers\downloads\good\4298368103_2936c4c214_o.jpg,good
C:\temp\i-love-data\grabbers\downloads\good\227a1bdbd3d151c2e3fe59c871619e1f.jpg,good
C:\temp\i-love-data\grabbers\downloads\good\43284c77902423.5c95013bb7a55.png,good
C:\temp\i-love-data\grabbers\downloads\good\71FDeQsVMQL.jpg,good
C:\temp\i-love-data\grabbers\downloads\good\31.85d5aa2ebd2b5878ce81eb9b38e38803.png,good
C:\temp\i-love-data\grabbers\downloads\broken\2798898_Crushed_Soda_Can_2_Coca_Cola_0008.jpg,broken
C:\temp\i-love-data\grabbers\downloads\good\71.FMW966KICRHQTJT.LARGE.jpg,good
C:\temp\i-love-data\grabbers\downloads\good\36308930373_6afc20a547_o.jpg,good
C:\temp\i-love-data\grabbers\downloads\good\11951661383_db0444ee11_o.jpg,good
C:\temp\i-love-data\grabbers\downloads\good\533_3a6a0265820b5a734d51db859c760fdb.jpg,good
C:\temp\i-love-data\grabbers\downloads\good\316864404_a2bab69e14_o.jpg,good
C:\temp\i-love-data\grabbers\downloads\good\Soda-Can-Mockup-Free-01.jpg,good
C:\temp\i-love-data\grabbers\downloads\good\89.ecd42e8cf3e3fc70Can_Packshot_ibotta-images_1218_rc-cans.png,good
C:\temp\i-love-data\grabbers\downloads\good\Beer-and-soda-cans-found-to-have-traces-of-bisphenol-A_wrbm_large.png,good
C:\temp\i-love-data\grabbers\downloads\good\15.soda-cans-3d-model-max-obj-3ds-fbx-c4d-lwo-lw-lws.jpg,good
C:\temp\i-love-data\grabbers\downloads\broken\file_661124.JPG,broken
C:\temp\i-love-data\grabbers\downloads\broken\2373-crushed-soda-can-coca-cola.jpg,broken
C:\temp\i-love-data\grabbers\downloads\broken\crushed-beverage-can-soda-4oOzWzB-600.jpg,broken
C:\temp\i-love-data\grabbers\downloads\good\7506440658_b1e3c731df_b.jpg,good
C:\temp\i-love-data\grabbers\downloads\good\47.soda-cans-for-film-and-theater-vector-14876579.jpg,good
C:\temp\i-love-data\grabbers\downloads\broken\2798530_Crushed_Soda_Can_Coca_Cola_0003.jpg,broken
C:\temp\i-love-data\grabbers\downloads\broken\55.eb4d0d66ca62b193eb6c335eafaa0644_28-collection-of-crushed-soda-can-clipart-high-quality-free-_300-300.jpeg,broken
C:\temp\i-love-data\grabbers\downloads\broken\35.531-5314702_crush-orange-soda-can.png,broken
C:\temp\i-love-data\grabbers\downloads\good\soda-can.jpg (1).jpg,good
C:\temp\i-love-data\grabbers\downloads\broken\2798721_Crushed_Soda_Can_0012.jpg,broken
C:\temp\i-love-data\grabbers\downloads\good\73.66901524_149396369477727_2798082072093266434_n.jpg,good
C:\temp\i-love-data\grabbers\downloads\good\miniature_soda_cans_3.jpg,good
C:\temp\i-love-data\grabbers\downloads\broken\69.maxresdefault.jpg,broken
C:\temp\i-love-data\grabbers\downloads\good\HD-Metal-Soda-Can-Mockup-265.jpg,good
C:\temp\i-love-data\grabbers\downloads\broken\6.CrushedSodaCanCocaColavray3dmodel01.jpg,broken
C:\temp\i-love-data\grabbers\downloads\broken\54.crushed-beverage-can-soda-mda4Km0-600.jpg,broken
C:\temp\i-love-data\grabbers\downloads\good\84f8b241280423.579ffe9e59211.jpg,good
C:\temp\i-love-data\grabbers\downloads\broken\Drink_cans0002.jpg,broken
C:\temp\i-love-data\grabbers\downloads\broken\84.crushed-soda-can-crushed-soda-can-crushed-soda-can-clip-art-crushed-soda-can-magic-trick.jpg,broken
C:\temp\i-love-data\grabbers\downloads\good\3599582464_945c23a3f9_o.jpg,good
C:\temp\i-love-data\grabbers\downloads\good\6845838363_9b000ca3f2_o.jpg,good
C:\temp\i-love-data\grabbers\downloads\good\263655_Dr_Pepper_Can_001.jpg,good
C:\temp\i-love-data\grabbers\downloads\broken\2798727_Crushed_Soda_Can_0018.jpg,broken
C:\temp\i-love-data\grabbers\downloads\good\49.SoCa0007.jpg,good
C:\temp\i-love-data\grabbers\downloads\good\10950974393_983ea91911_o.png,good
C:\temp\i-love-data\grabbers\downloads\good\20.02ef517650a6b1db494cff9e4688217a.jpg,good
C:\temp\i-love-data\grabbers\downloads\broken\canrenders5.jpg,broken
C:\temp\i-love-data\grabbers\downloads\broken\67.royalty-free-stock-photo-crushed-soda-can-image.jpg,broken
C:\temp\i-love-data\grabbers\downloads\good\Can-Soda.png (1).png,good
C:\temp\i-love-data\grabbers\downloads\broken\maxresdefault.jpg (1).jpg,broken
C:\temp\i-love-data\grabbers\downloads\broken\recycling-tin-metallic-package-c3nxh2.jpg,broken
C:\temp\i-love-data\grabbers\downloads\broken\80.compressed-cans-isolated-on-white-260nw-1080101237.jpg,broken
C:\temp\i-love-data\grabbers\downloads\broken\CrushedSodaCanfbx3dmodel01.jpg7779aea4-04ba-40fc-b325-c3c1536c246bOriginal.jpg,broken
C:\temp\i-love-data\grabbers\downloads\good\5332062426_193e5bb49e_o.jpg,good
C:\temp\i-love-data\grabbers\downloads\good\andrej-persolja-soda-can-promo-blue-realistic.jpg,good
C:\temp\i-love-data\grabbers\downloads\good\55.be32f7afba84bd0c98a48059696642d8.jpg,good
C:\temp\i-love-data\grabbers\downloads\good\10950869585_0689d3ed5f_o.png,good
C:\temp\i-love-data\grabbers\downloads\broken\23.CrushedSodaCanobj3dmodel01.jpg,broken
C:\temp\i-love-data\grabbers\downloads\good\8.RauTZ.png,good
C:\temp\i-love-data\grabbers\downloads\good\cans.png,good
C:\temp\i-love-data\grabbers\downloads\good\Soda%20Stash.jpg,good
C:\temp\i-love-data\grabbers\downloads\good\coca-cola-soda-can-png-image-12.png (1).png,good
C:\temp\i-love-data\grabbers\downloads\good\can_001.jpg,good
C:\temp\i-love-data\grabbers\downloads\broken\CrushedSodaCan3dmodel01.jpg,broken
C:\temp\i-love-data\grabbers\downloads\good\Soda-Can-Mockup-Free-PSD.jpg,good
C:\temp\i-love-data\grabbers\downloads\good\5.MrAnthony3d_SodaCanSet.jpg,good
C:\temp\i-love-data\grabbers\downloads\broken\2799265_Crushed_Soda_Can_3_Coca_Cola_0013.jpg,broken
C:\temp\i-love-data\grabbers\downloads\good\25.coca-cola-fanta-pinapple-soda-cans-330-ml.jpg,good
C:\temp\i-love-data\grabbers\downloads\broken\shutterstock_296970101.jpg,broken
C:\temp\i-love-data\grabbers\downloads\broken\82.thumb-photostock-vector-crushed-tin-soda-can.jpg,broken
C:\temp\i-love-data\grabbers\downloads\good\132844.jpg,good
C:\temp\i-love-data\grabbers\downloads\broken\3701026503_3431bcee1b_z.jpg,broken
C:\temp\i-love-data\grabbers\downloads\good\MTL5noBTa.jpeg,good
C:\temp\i-love-data\grabbers\downloads\broken\42.Coke1.jpg,broken
C:\temp\i-love-data\grabbers\downloads\good\1e8e0552fd58e2d20f1732e1f9a6ef38--diy-recycle-reuse.jpg,good
C:\temp\i-love-data\grabbers\downloads\good\can-soda-price.png,good
C:\temp\i-love-data\grabbers\downloads\broken\can-1600x1000.jpg,broken
C:\temp\i-love-data\grabbers\downloads\good\kisspng-fizzy-drinks-coca-cola-orange-fanta-sprite.jpg,good
C:\temp\i-love-data\grabbers\downloads\broken\crushed-coke-can-picture-id488805387,broken
C:\temp\i-love-data\grabbers\downloads\broken\56-561852_free-crushed-soda-can-png-crush-lime-sod.png,broken
C:\temp\i-love-data\grabbers\downloads\broken\22.red-crushed-soda-can-600w-731413141.jpg,broken
C:\temp\i-love-data\grabbers\downloads\broken\2798905_Crushed_Soda_Can_2_Coca_Cola_0015.jpg,broken
C:\temp\i-love-data\grabbers\downloads\broken\31ef1c45cb674855910808e20be66912.jpg,broken
C:\temp\i-love-data\grabbers\downloads\broken\Crush-a-Can-Day.jpg,broken
C:\temp\i-love-data\grabbers\downloads\broken\40.Soda-Can-Steam-Crush-Experiment-006.JPG,broken
C:\temp\i-love-data\grabbers\downloads\broken\58.photocrumpled-empty-blank-soda-or-beer-can-garbage-isolated-on-white-background-with-clipping-path.jpg,broken
C:\temp\i-love-data\grabbers\downloads\good\5K-Soda-Can-With-Water-Drops-Mockup-by-Anthony-Boy.jpg,good
C:\temp\i-love-data\grabbers\downloads\good\82.hqdefault.jpg,good
C:\temp\i-love-data\grabbers\downloads\good\8184e457323311.Y3JvcCw4NDYsNjYyLDIxNywyOQ.jpg,good
C:\temp\i-love-data\grabbers\downloads\good\drinks_seventies_2.jpg,good
C:\temp\i-love-data\grabbers\downloads\good\14.soda-cans.jpg,good
C:\temp\i-love-data\grabbers\downloads\broken\45.can-crusher-experiment-soda-candy-crush-saga-level-700-crunch-middle.jpg,broken
C:\temp\i-love-data\grabbers\downloads\good\YGGseBN.jpg,good
C:\temp\i-love-data\grabbers\downloads\broken\a193723b72cc9ef076f4f83a6a27d781.jpg,broken
C:\temp\i-love-data\grabbers\downloads\broken\06b476c9d425e23b25bad64c32864315.jpg,broken
C:\temp\i-love-data\grabbers\downloads\good\Free-Soda-Can-Mockup.jpg,good
C:\temp\i-love-data\grabbers\downloads\broken\63.35f5e4837468929fcb8a580aedbeeb72_national-crush-a-can-day-binge-magazine_935-580.jpeg,broken
C:\temp\i-love-data\grabbers\downloads\broken\crushed-soda-can-street-42739054.jpg,broken
C:\temp\i-love-data\grabbers\downloads\good\soda_cans_3d_model_3ds_fbx_c4d_dxf_lwo_lw_lws_ma_mb_obj_hrc_xsi_max_801405aa-1d61-4210-aadb-107a24dd3aa7.jpg,good
C:\temp\i-love-data\grabbers\downloads\broken\2798902_Crushed_Soda_Can_2_Coca_Cola_0012.jpg,broken
C:\temp\i-love-data\grabbers\downloads\broken\11.qaa5vwjrl72o62spliqy.jpg,broken
C:\temp\i-love-data\grabbers\downloads\good\4461992266_056318ae0b_b.jpg,good
C:\temp\i-love-data\grabbers\downloads\good\971009_65283515.jpg,good
C:\temp\i-love-data\grabbers\downloads\broken\2798722_Crushed_Soda_Can_0013.jpg,broken
C:\temp\i-love-data\grabbers\downloads\broken\CrushedSodaCanobj3dmodel01.jpg,broken
C:\temp\i-love-data\grabbers\downloads\good\4775701687_887e929880_o.png,good
C:\temp\i-love-data\grabbers\downloads\good\df8bd39d38bb934bf6a436f58de7d10d.jpg,good
C:\temp\i-love-data\grabbers\downloads\good\17.c9991d11d6bf30ff05a6f373855ce94e.jpg,good
C:\temp\i-love-data\grabbers\downloads\good\79.7f9d4dabeca03a4cd9499ee5f27a7caf.jpg,good
C:\temp\i-love-data\grabbers\downloads\good\24.soda-cans-3d-model-blend.jpg,good
C:\temp\i-love-data\grabbers\downloads\broken\CrushedSodaCansSet3dmodels00.jpg2068274c-466a-4d01-bf81-99c24c9bcb96Original.jpg,broken
C:\temp\i-love-data\grabbers\downloads\good\84.IMG_0623.jpg,good
C:\temp\i-love-data\grabbers\downloads\good\3663309875_dea7fd95de_o.jpg,good
C:\temp\i-love-data\grabbers\downloads\broken\56.35845256-crush-strawberry-caffeine-free-soda-can.jpg,broken
C:\temp\i-love-data\grabbers\downloads\broken\CrushedCan_OrbitingFrog.jpg,broken
C:\temp\i-love-data\grabbers\downloads\good\0c0a229ec08ae39e61e8ce35da115c3c.jpg,good
C:\temp\i-love-data\grabbers\downloads\broken\2799428_Crushed_Soda_Can_3_0003.jpg,broken
C:\temp\i-love-data\grabbers\downloads\broken\62.crushed-soda-can-crushed-soda-can-coca-cola-crush-soda-flavors-crushed-soda-can-cartoon.jpg,broken
C:\temp\i-love-data\grabbers\downloads\broken\C_Soda-512.png,broken
C:\temp\i-love-data\grabbers\downloads\good\58.afdb55fe0f00e4ec21cc7cf644201fe3.jpg,good
C:\temp\i-love-data\grabbers\downloads\broken\2798895_Crushed_Soda_Can_2_Coca_Cola_0005.jpg,broken
C:\temp\i-love-data\grabbers\downloads\broken\2798900_Crushed_Soda_Can_2_Coca_Cola_0010.jpg,broken
C:\temp\i-love-data\grabbers\downloads\broken\crushed-soda-can-21800768.jpg,broken
C:\temp\i-love-data\grabbers\downloads\broken\2798904_Crushed_Soda_Can_2_Coca_Cola_0014.jpg,broken
C:\temp\i-love-data\grabbers\downloads\broken\226ce3f90e62abe73f79cb818204debd.jpg,broken
C:\temp\i-love-data\grabbers\downloads\good\blue-soda-cans-vector-691165.jpg,good
C:\temp\i-love-data\grabbers\downloads\broken\2799261_Crushed_Soda_Can_3_Coca_Cola_0009.jpg,broken
C:\temp\i-love-data\grabbers\downloads\broken\soda-can-png-9.png,broken
C:\temp\i-love-data\grabbers\downloads\broken\f5d44adf264bfb66d23c1559bd735744--observational-dr.jpg,broken
C:\temp\i-love-data\grabbers\downloads\broken\434-4345856_crushed-soda-can-png-download-crush-or.png,broken
C:\temp\i-love-data\grabbers\downloads\broken\original-19152-1392572424-14.jpg,broken
C:\temp\i-love-data\grabbers\downloads\good\iStock_000017276846Small.jpg,good
C:\temp\i-love-data\grabbers\downloads\good\1.jpg,good
C:\temp\i-love-data\grabbers\downloads\broken\CrushedSodaCanCocaCola3dsmaxvray3dmodel00.jpgb08b9f38-1ed2-4d67-bebe-688ee0d11efaOriginal.jpg,broken
C:\temp\i-love-data\grabbers\downloads\broken\30.crushedcured__55713.1414168341.jpg,broken
C:\temp\i-love-data\grabbers\downloads\good\DS-COKE_a.jpg,good
C:\temp\i-love-data\grabbers\downloads\good\46.Mini-Monster-Halloween-Soda.png,good
C:\temp\i-love-data\grabbers\downloads\good\8338607384_7b8f8e655c_o.jpg,good
C:\temp\i-love-data\grabbers\downloads\good\65.107091502-big-and-small-white-and-orange-soda-cans-standing-in-two-raws-on-black-background-beverage-mockup-ti.jpg,good
C:\temp\i-love-data\grabbers\downloads\good\popscan_blogspot_com_angry_birds_soda_2_04.png,good
C:\temp\i-love-data\grabbers\downloads\broken\depositphotos_60588749-stock-photo-coke-can.jpg,broken
C:\temp\i-love-data\grabbers\downloads\good\61.purepng.com-soda-cans-cola-fanta-spriteobjectsfoodsodaobjectcandrinkbeveragecoke-631521883154eyndi.png,good
C:\temp\i-love-data\grabbers\downloads\broken\crushed-cola.jpg,broken
C:\temp\i-love-data\grabbers\downloads\good\5919993850_422256507f_o.jpg,good
C:\temp\i-love-data\grabbers\downloads\good\Soda-Can-PSD-MockUp-Template.jpg,good
C:\temp\i-love-data\grabbers\downloads\good\can_of_sunkist__1980s__by_mrangrydog-d9nuvze.png,good
C:\temp\i-love-data\grabbers\downloads\broken\2798906_Crushed_Soda_Can_2_Coca_Cola_0016.jpg,broken
C:\temp\i-love-data\grabbers\downloads\broken\2678-crushed-soda-can-coca-cola.jpg,broken
C:\temp\i-love-data\grabbers\downloads\good\Soda-Can-Sugar-Drink-Explosion-PSD-Mockup.jpg,good
C:\temp\i-love-data\grabbers\downloads\good\23.vintage-soda-cans-probably-not-good-to-drink.jpg,good
C:\temp\i-love-data\grabbers\downloads\good\72.107091501-big-and-small-white-and-orange-soda-cans-standing-in-two-raws-on-black-background-beverage-mockup-ti.jpg,good
C:\temp\i-love-data\grabbers\downloads\broken\2799255_Crushed_Soda_Can_3_Coca_Cola_0003.jpg,broken
C:\temp\i-love-data\grabbers\downloads\good\soft-drink-cans.jpg,good
C:\temp\i-love-data\grabbers\downloads\good\_D.jpg,good
C:\temp\i-love-data\grabbers\downloads\good\crush_cream_soda.jpg,good
C:\temp\i-love-data\grabbers\downloads\broken\30c308_af9707da10b04a8a941b8b72c5fab9d7~mv2.jpg,broken
C:\temp\i-love-data\grabbers\downloads\broken\Drink_cans0002.jpg3b0e32b9-0b6b-49e3-8784-68126f051a35Original.jpg,broken
C:\temp\i-love-data\grabbers\downloads\broken\48.crushed-tin-soda-can-vector-eps-vectors_csp48729230.jpg,broken
C:\temp\i-love-data\grabbers\downloads\good\42.limited-edition-dr-pepper-captain-america.jpg,good
C:\temp\i-love-data\grabbers\downloads\broken\2799599_Crushed_Soda_Cans_Set_Coca_Cola_0001.jpg,broken
C:\temp\i-love-data\grabbers\downloads\good\52.67719411_367954510540774_8948694220926043884_n.jpg,good
C:\temp\i-love-data\grabbers\downloads\good\C835AFB206EA4E3F937C1FEE9B6F4D73.jpg,good
C:\temp\i-love-data\grabbers\downloads\good\IMG_6747.JPG,good
C:\temp\i-love-data\grabbers\downloads\broken\H5.jpg,broken
C:\temp\i-love-data\grabbers\downloads\broken\crushed-coke-can.jpg,broken
C:\temp\i-love-data\grabbers\downloads\good\4140289487_51696ce209_o.jpg,good
C:\temp\i-love-data\grabbers\downloads\broken\989d75f618e31bfa20506097275808d0.jpg,broken
C:\temp\i-love-data\grabbers\downloads\broken\stock-photo-swindon-uk-december-an-empty-dented-and-crushed-can-of-coca-cola-on-a-white-background-237963106.jpg,broken
C:\temp\i-love-data\grabbers\downloads\broken\21.crushed-soda-can-robert-ullmann.jpg,broken
C:\temp\i-love-data\grabbers\downloads\broken\2799039_Crushed_Soda_Can_2_0007.jpg,broken
C:\temp\i-love-data\grabbers\downloads\broken\2799256_Crushed_Soda_Can_3_Coca_Cola_0004.jpg,broken
C:\temp\i-love-data\grabbers\downloads\good\Coca-cola_50cl_can_-_Italia.jpg,good
C:\temp\i-love-data\grabbers\downloads\good\pattern-of-soda-pop-cans-on-display-arrwxh.jpg,good
C:\temp\i-love-data\grabbers\downloads\good\$_57.jpg,good
C:\temp\i-love-data\grabbers\downloads\good\pepsi_can.jpg,good
C:\temp\i-love-data\grabbers\downloads\good\soda-cans-collection-isolated-yellow-background-picture-group-various-brands-drinks-pepsi-coca-cola-fantaand-62805258.jpg,good
C:\temp\i-love-data\grabbers\downloads\broken\CrushedSodaCansSetCocaColavray3dmodels00.jpg4c387a59-9f94-4ff9-91cb-53bd4ee181f6Original.jpg,broken
C:\temp\i-love-data\grabbers\downloads\broken\2798533_Crushed_Soda_Can_Coca_Cola_0006.jpg,broken
C:\temp\i-love-data\grabbers\downloads\good\27214028798_550857dd2e_o.jpg,good
C:\temp\i-love-data\grabbers\downloads\good\91b16fc1a8319900bdb77f17c8ba31a6.jpg,good
C:\temp\i-love-data\grabbers\downloads\good\soda_cans_3d_model_3ds_fbx_c4d_dxf_lwo_lw_lws_ma_mb_obj_hrc_xsi_max_ed60d1d1-8f5d-45be-b258-4c9b4afa67c4.jpg,good
C:\temp\i-love-data\grabbers\downloads\broken\2.CrushedSodaCanCocaColac4d3dmodel01.jpg,broken
C:\temp\i-love-data\grabbers\downloads\good\9617e774409701.5c2ede125b1ab.jpg,good
C:\temp\i-love-data\grabbers\downloads\good\coke%20can.jpg,good
C:\temp\i-love-data\grabbers\downloads\good\soda_cans_3d_model_3ds_fbx_c4d_dxf_lwo_lw_lws_ma_mb_obj_hrc_xsi_max_bc35d450-5f7e-4314-a234-2a7952611454.jpg,good
C:\temp\i-love-data\grabbers\downloads\good\bev14.jpg,good
C:\temp\i-love-data\grabbers\downloads\broken\44.185261089.jpg,broken
C:\temp\i-love-data\grabbers\downloads\good\2011+08-27+Arabic.jpg,good
C:\temp\i-love-data\grabbers\downloads\broken\2798724_Crushed_Soda_Can_0015.jpg,broken
C:\temp\i-love-data\grabbers\downloads\good\900.jpg,good
C:\temp\i-love-data\grabbers\downloads\broken\2798534_Crushed_Soda_Can_Coca_Cola_0007.jpg,broken
C:\temp\i-love-data\grabbers\downloads\good\45.46cc23adc7b39562d7ffe9c44e28c63b.png,good
C:\temp\i-love-data\grabbers\downloads\good\4111442849_c0e34f8c1b_o.jpg,good
C:\temp\i-love-data\grabbers\downloads\broken\RicicloAlluminio.png,broken
C:\temp\i-love-data\grabbers\downloads\good\Coke-cans.jpg,good
C:\temp\i-love-data\grabbers\downloads\broken\eade9fe6e971fef889283a3a3b568ac3.jpg,broken
C:\temp\i-love-data\grabbers\downloads\good\41UIIusLo-L.jpg,good
C:\temp\i-love-data\grabbers\downloads\broken\60.Crush-Grape-Soda-Can-12oz-Pull-Tab.jpg,broken
C:\temp\i-love-data\grabbers\downloads\good\550_101527363.jpg,good
C:\temp\i-love-data\grabbers\downloads\broken\crushed-recycled-soda-can-14790136.jpg,broken
C:\temp\i-love-data\grabbers\downloads\broken\86.easy-to-crush-beverage-can.jpg,broken
C:\temp\i-love-data\grabbers\downloads\broken\33.crushed-soda-can-with-straw_fa13302013.jpg,broken
C:\temp\i-love-data\grabbers\downloads\broken\2798714_Crushed_Soda_Can_0005.jpg,broken
C:\temp\i-love-data\grabbers\downloads\broken\46.ffc0cdd246b0e7695f0df4e70c150f12.jpg,broken
C:\temp\i-love-data\grabbers\downloads\broken\crushed-soda-can-picture-id163253828.jpg,broken
C:\temp\i-love-data\grabbers\downloads\broken\2799254_Crushed_Soda_Can_3_Coca_Cola_0002.jpg,broken
C:\temp\i-love-data\grabbers\downloads\good\0fc1905490834c7ce652431ceb02bc94.jpg,good
C:\temp\i-love-data\grabbers\downloads\good\1.png690d1c56-be81-45a1-a630-1333128c0ee6Original..jpg,good
C:\temp\i-love-data\grabbers\downloads\broken\1c648de45c00e2c9348a7129db609cdd.jpg,broken
C:\temp\i-love-data\grabbers\downloads\good\03661-1.jpg,good
C:\temp\i-love-data\grabbers\downloads\broken\crushed_soda_can_by_anicehello.jpg,broken
C:\temp\i-love-data\grabbers\downloads\broken\185261089.jpg,broken
C:\temp\i-love-data\grabbers\downloads\good\miniature_soda_cans_2.jpg,good
C:\temp\i-love-data\grabbers\downloads\broken\193e63c9b770367c4049d63bcd7a1a9f.jpg,broken
C:\temp\i-love-data\grabbers\downloads\good\66.colourful-soda-cans.jpg,good
C:\temp\i-love-data\grabbers\downloads\good\67.british-ben-shaw-cream-soda-flavoured-pop-case-of-24-x-330ml-cans-5090-p.jpg,good
C:\temp\i-love-data\grabbers\downloads\good\1.soda_th_00.jpg,good
C:\temp\i-love-data\grabbers\downloads\good\Soda-Can.jpg,good
C:\temp\i-love-data\grabbers\downloads\good\21.colorchanging-soda-cans.jpeg,good
C:\temp\i-love-data\grabbers\downloads\good\Soda-Can-Mockup-2.jpg,good
C:\temp\i-love-data\grabbers\downloads\good\Aluminum-Beverage-Soda-Milk-Cola-Cans-Manufacturer.jpg,good
C:\temp\i-love-data\grabbers\downloads\broken\crushed-beverage-can-soda-1VNvx65-600.jpg,broken
C:\temp\i-love-data\grabbers\downloads\good\12543518094_937a6841c8_o.jpg,good
C:\temp\i-love-data\grabbers\downloads\broken\CrushedSodaCanobj3dmodel00.jpg0f03a6f2-58b8-4d06-ab3e-6760f3d201f9Original.jpg,broken
C:\temp\i-love-data\grabbers\downloads\good\soda_0000.jpg,good
C:\temp\i-love-data\grabbers\downloads\good\RauTZ.png,good
C:\temp\i-love-data\grabbers\downloads\good\16.640x478_ac.jpg,good
C:\temp\i-love-data\grabbers\downloads\broken\47.61-j1RoWB-L._SL1200_.jpg,broken
C:\temp\i-love-data\grabbers\downloads\good\Soda.jpg,good
C:\temp\i-love-data\grabbers\downloads\broken\7.CrushedSodaCanCocaCola3dsmaxvray3dmodel01.jpg,broken
C:\temp\i-love-data\grabbers\downloads\good\14653626304_2608b43259_o.jpg,good
C:\temp\i-love-data\grabbers\downloads\good\233-2339837_crushed-soda-can-clipart-download-coca (1).png,good
C:\temp\i-love-data\grabbers\downloads\broken\maxresdefault.jpg,broken
C:\temp\i-love-data\grabbers\downloads\broken\15.2799254_Crushed_Soda_Can_3_Coca_Cola_0002.jpg,broken
C:\temp\i-love-data\grabbers\downloads\broken\FIKG5DOFFAIUVO2.RECT2100.jpg,broken
C:\temp\i-love-data\grabbers\downloads\broken\26.a96b99a3c6c7fe6af9db0236390f90f1.jpg,broken
C:\temp\i-love-data\grabbers\downloads\good\Soda-Drink-Can-Mockup-4.jpg,good
C:\temp\i-love-data\grabbers\downloads\good\33700454634_44d6952b2b_o.jpg,good
C:\temp\i-love-data\grabbers\downloads\good\4.sodacans-vector-844983.jpg,good
C:\temp\i-love-data\grabbers\downloads\good\44c10a70617819.5ba9b5cda529c.jpg,good
C:\temp\i-love-data\grabbers\downloads\good\19.81xEuRmgqcL._SX355_.jpg,good
C:\temp\i-love-data\grabbers\downloads\good\56.maxresdefault.jpg,good
C:\temp\i-love-data\grabbers\downloads\good\2707271298_a4cd4bbb2a_o.jpg,good
C:\temp\i-love-data\grabbers\downloads\good\soda_can_test_b_V1_test.jpg,good
C:\temp\i-love-data\grabbers\downloads\broken\68.red-crushed-soda-can-aluminum-101547795.jpg,broken
C:\temp\i-love-data\grabbers\downloads\broken\085ae4557ac336da31d9613147a867b3.jpg,broken
C:\temp\i-love-data\grabbers\downloads\good\88.107091497-two-small-white-and-orange-aluminum-soda-cans-mockup-on-black-background-tin-package-of-beer-or-drin.jpg,good
C:\temp\i-love-data\grabbers\downloads\broken\1029-crushed-soda-can-coca-cola.jpg,broken
C:\temp\i-love-data\grabbers\downloads\broken\39.original-1595682-4.jpg,broken
C:\temp\i-love-data\grabbers\downloads\broken\72.CrushedSodaCan3dmodel01.jpg,broken
C:\temp\i-love-data\grabbers\downloads\good\58b44a032285e163f973c57157fa29d2.jpg,good
C:\temp\i-love-data\grabbers\downloads\good\10950406865_0e25e6908f_o.png,good
C:\temp\i-love-data\grabbers\downloads\good\soda_th_00.jpg84861F28-4109-457C-B215-EDDF02E819D5Original.jpg,good
C:\temp\i-love-data\grabbers\downloads\broken\8baaeb225f79aa9144aff8e52449fa1d.jpg,broken
C:\temp\i-love-data\grabbers\downloads\good\soda-best-bong.jpg,good
C:\temp\i-love-data\grabbers\downloads\broken\32.a-soda-can-painted-red-and-a-crushed-stock-image__731012.jpg,broken
C:\temp\i-love-data\grabbers\downloads\good\70.bubble-crush-bubble-gum-nuggets-soda-cans-125320-im.jpg,good
C:\temp\i-love-data\grabbers\downloads\broken\9.GettyImages-901670600-660x335.jpg,broken
C:\temp\i-love-data\grabbers\downloads\broken\2798892_Crushed_Soda_Can_2_Coca_Cola_0002.jpg,broken
C:\temp\i-love-data\grabbers\downloads\good\10951015944_af7072a221_o.png,good
C:\temp\i-love-data\grabbers\downloads\good\render6.jpg,good
C:\temp\i-love-data\grabbers\downloads\broken\eade9fe6e971fef889283a3a3b568ac3--coke-cans-food-illustrations.jpg,broken
C:\temp\i-love-data\grabbers\downloads\broken\70.1748417.jpg,broken
C:\temp\i-love-data\grabbers\downloads\good\80.6550b282ee245da0a8f04efa513775c0.jpg,good
C:\temp\i-love-data\grabbers\downloads\good\32.81Jv4YmzX2L._SY355_.jpg,good
C:\temp\i-love-data\grabbers\downloads\broken\27.2798898_Crushed_Soda_Can_2_Coca_Cola_0008.jpg,broken
C:\temp\i-love-data\grabbers\downloads\broken\17601458-recycling-soda-cans.jpg,broken
C:\temp\i-love-data\grabbers\downloads\broken\compression-1-300x300.jpg,broken
C:\temp\i-love-data\grabbers\downloads\broken\7edce6a105989a789de67617dab70705.jpg,broken
C:\temp\i-love-data\grabbers\downloads\broken\7759d55d3ae81a8364fff7ff6cfde03e.jpg,broken
C:\temp\i-love-data\grabbers\downloads\good\74.spicy-lime-soda-taiwan-471x700.jpg,good
C:\temp\i-love-data\grabbers\downloads\good\12.soda_cans_collection_coca_cola_pepsi_sprite_etc_3d_model_c4d_max_obj_fbx_ma_lwo_3ds_3dm_stl_1474286_o.jpg,good
C:\temp\i-love-data\grabbers\downloads\broken\37.maxresdefault.jpg,broken
C:\temp\i-love-data\grabbers\downloads\good\6.soda-cans-pbr-3d-model-obj-3ds-fbx-stl-blend-dae.jpg,good
C:\temp\i-love-data\grabbers\downloads\broken\76.58977863-soda-can-of-crushed-ice.jpg,broken
C:\temp\i-love-data\grabbers\downloads\good\4943958041_335f415481_o.jpg,good
C:\temp\i-love-data\grabbers\downloads\good\BottleSodaCanIceMockup.jpg,good
C:\temp\i-love-data\grabbers\downloads\good\df8bd39d38bb934bf6a436f58de7d10d.jpg (1).jpg,good
C:\temp\i-love-data\grabbers\downloads\good\img_0375.jpg,good
C:\temp\i-love-data\grabbers\downloads\good\28.anniversary-can.jpeg,good
C:\temp\i-love-data\grabbers\downloads\good\76.works-of-abstract-art.jpeg,good
C:\temp\i-love-data\grabbers\downloads\good\640x478_ac.jpg,good
C:\temp\i-love-data\grabbers\downloads\good\Soda-Can-Mockup-Free-07.jpg,good
C:\temp\i-love-data\grabbers\downloads\good\10ozcollection.jpg,good
C:\temp\i-love-data\grabbers\downloads\broken\large_180893_OyxH820h3zN1KaOmzBCjEN9fH.jpg,broken
C:\temp\i-love-data\grabbers\downloads\good\9804127593_74638800fa_o.jpg,good
C:\temp\i-love-data\grabbers\downloads\broken\011dd0a5c79ff216e7de8bbd79b8743d.jpg,broken
C:\temp\i-love-data\grabbers\downloads\good\4193787815_b57f9809c4_o.jpg,good
C:\temp\i-love-data\grabbers\downloads\broken\1.14508603-one-crushed-red-soda-can-isolated-on-white-background-.jpg,broken
C:\temp\i-love-data\grabbers\downloads\broken\6a9d4da9107ee524542111cc3656fc31.jpg,broken
C:\temp\i-love-data\grabbers\downloads\good\3.maxresdefault.jpg,good
C:\temp\i-love-data\grabbers\downloads\good\Soda_Cone-Tops-Jic-Jac_St-Louis-MO.jpg,good
C:\temp\i-love-data\grabbers\downloads\broken\crushed-soda-can-aluminum-0MkZ7k1-600.jpg,broken
C:\temp\i-love-data\grabbers\downloads\good\Soda+Cans.jpg,good
C:\temp\i-love-data\grabbers\downloads\broken\crushed-beverage-can-aluminum-ZR1LAQ2-600.jpg,broken
C:\temp\i-love-data\grabbers\downloads\broken\2799430_Crushed_Soda_Can_3_0005.jpg,broken
C:\temp\i-love-data\grabbers\downloads\good\87.isometric-soda-cans-with-blue-background_23-2148245504.jpg,good
C:\temp\i-love-data\grabbers\downloads\broken\bigstock-Crushed-Soda-Can-65235163.jpg,broken
C:\temp\i-love-data\grabbers\downloads\broken\4.4456569_0.jpg,broken
C:\temp\i-love-data\grabbers\downloads\good\coca-cola-soda-can-png-image-12.png,good
C:\temp\i-love-data\grabbers\downloads\good\17838db89c5df6dd571596e50a933151--drying-herbs-indoor-herbs.jpg,good
C:\temp\i-love-data\grabbers\downloads\broken\22-CRUSH-SODA-STRAWBERRY.png,broken
C:\temp\i-love-data\grabbers\downloads\broken\crushed-soda-can-aluminum-xwJXY04-600.jpg,broken
C:\temp\i-love-data\grabbers\downloads\broken\hqdefault.jpg,broken
C:\temp\i-love-data\grabbers\downloads\broken\28.crushed-soda-can-aluminum-xwJXY04-600.jpg,broken
C:\temp\i-love-data\grabbers\downloads\good\41.maxresdefault.jpg,good
C:\temp\i-love-data\grabbers\downloads\good\shutterstock_347337368.0.jpg,good
C:\temp\i-love-data\grabbers\downloads\good\4032377078_661ee18e66_b.jpg,good
C:\temp\i-love-data\grabbers\downloads\broken\D7Pip5oXkAAtYhl.jpg,broken
C:\temp\i-love-data\grabbers\downloads\good\4078611769_90032af5ce_o.jpg,good
C:\temp\i-love-data\grabbers\downloads\broken\4642610316_43f385f481.jpg,broken
C:\temp\i-love-data\grabbers\downloads\broken\PRODUCT-PHOTOGRAPHY-ZACK-BURRIS-CHICAGO-CRUSH-CANS-1.jpg,broken
C:\temp\i-love-data\grabbers\downloads\good\13-130878_free-clipart-soda-can-soft-drink-can-cli.png,good
C:\temp\i-love-data\grabbers\downloads\good\4175638613_59c318d609_o.jpg,good
C:\temp\i-love-data\grabbers\downloads\broken\57.crushed-soda-can-crushed-soda-can-crush-soda-canada.jpg,broken
C:\temp\i-love-data\grabbers\downloads\good\dribble_soda_can.png,good
C:\temp\i-love-data\grabbers\downloads\broken\5.6d67551f92772c0021b0ae75a0d87e6b.png,broken
C:\temp\i-love-data\grabbers\downloads\good\7.set-soda-cans-collection-various-brands-drinks-white-background-43232576.jpg,good
C:\temp\i-love-data\grabbers\downloads\broken\8e418a3f2391b619db4875538c1e6b31--gcse-art-coke-ca.jpg,broken
C:\temp\i-love-data\grabbers\downloads\good\ds61ck.jpg,good
C:\temp\i-love-data\grabbers\downloads\broken\2798901_Crushed_Soda_Can_2_Coca_Cola_0011.jpg,broken
C:\temp\i-love-data\grabbers\downloads\broken\2798894_Crushed_Soda_Can_2_Coca_Cola_0004.jpg,broken
C:\temp\i-love-data\grabbers\downloads\good\56-566958_soda-can-soft-drink-can-clipart-png-down.png,good
C:\temp\i-love-data\grabbers\downloads\broken\34.77296180-blue-crushed-soda-can.jpg,broken
C:\temp\i-love-data\grabbers\downloads\good\small-soda-cans.jpg,good
C:\temp\i-love-data\grabbers\downloads\good\$_57.JPG (1).jpg,good
C:\temp\i-love-data\grabbers\downloads\good\640x960.jpg,good
C:\temp\i-love-data\grabbers\downloads\good\13128578234_258b7d8739_o.jpg,good
C:\temp\i-love-data\grabbers\downloads\broken\2302358-crushed-soda-can.jpg,broken
C:\temp\i-love-data\grabbers\downloads\good\90.2-17-5-8-22-43-49m.jpg,good
C:\temp\i-love-data\grabbers\downloads\good\60.cherry-soda-cans-in-ice-box-vector-10740265.jpg,good
C:\temp\i-love-data\grabbers\downloads\broken\Crushed_Pepsi_soda_can.jpg,broken
C:\temp\i-love-data\grabbers\downloads\good\7335457584_e3b31ca033_o.jpg,good
C:\temp\i-love-data\grabbers\downloads\broken\9a10384844ff9be98388eeaa386baf7a.jpg,broken
C:\temp\i-love-data\grabbers\downloads\good\13.Sunkist-Orange-Soda-Cans-12-fl-oz-6-ct.jpg,good
C:\temp\i-love-data\grabbers\downloads\good\Canned-Soda-Update.jpg,good
C:\temp\i-love-data\grabbers\downloads\broken\5104705632_bf0fc09442_z.jpg,broken
C:\temp\i-love-data\grabbers\downloads\broken\crushed-soda-can-aluminum-YaOZ176-600.jpg,broken
C:\temp\i-love-data\grabbers\downloads\broken\CrushedSodaCanCocaColac4d3dmodel00.jpg0193b25e-9b17-4811-802d-a73c13e7a379Original.jpg,broken
C:\temp\i-love-data\grabbers\downloads\good\30.10838534-two-aluminum-soda-cans-in-perspective-view.jpg,good
C:\temp\i-love-data\grabbers\downloads\good\85.raws-white-soda-cans-raws-white-soda-cans-white-background-beverage-mockup-tin-package-beer-drink-d-rendering-118777075.jpg,good
C:\temp\i-love-data\grabbers\downloads\good\22.1.jpg,good
C:\temp\i-love-data\grabbers\downloads\broken\dumbest-and-dangerous-games-you-played-as-a-kid-08.jpg,broken
C:\temp\i-love-data\grabbers\downloads\good\3591542342_00e70d4c5d_b.jpg,good
C:\temp\i-love-data\grabbers\downloads\good\3767822998_8a697c0dcb_o.jpg,good
C:\temp\i-love-data\grabbers\downloads\good\1e1f6f75-fe60-4406-a17f-b4307f9b74b5_2.93179d99adc97f22896e6c6014f98bbd.jpeg,good
C:\temp\i-love-data\grabbers\downloads\good\ae583077-931a-4a08-9feb-89087dfcd5d6_rw_1200.jpg,good
C:\temp\i-love-data\grabbers\downloads\broken\2799257_Crushed_Soda_Can_3_Coca_Cola_0005.jpg,broken
C:\temp\i-love-data\grabbers\downloads\good\d1c51861905753.Y3JvcCwxMjI2LDk2MCw4Nyww.jpg,good
C:\temp\i-love-data\grabbers\downloads\good\81.5797c454a17ee9d4357037f46fa16748.jpg,good
C:\temp\i-love-data\grabbers\downloads\broken\6d67551f92772c0021b0ae75a0d87e6b.png,broken
C:\temp\i-love-data\grabbers\downloads\broken\193e63c9b770367c4049d63bcd7a1a9f--sodas-d-models.j (1).jpg,broken
C:\temp\i-love-data\grabbers\downloads\broken\softdrink-237584_1280.jpg,broken
C:\temp\i-love-data\grabbers\downloads\good\soda_cans_3d_model_3ds_fbx_c4d_dxf_lwo_lw_lws_ma_mb_obj_hrc_xsi_max_202e0b72-0f23-4b99-adb9-58a2a8dd8fad.jpg,good
C:\temp\i-love-data\grabbers\downloads\good\Soda-Can-Mockup-Free-04.jpg,good
C:\temp\i-love-data\grabbers\downloads\good\coca-cola-coke-soda-can-diversion-stash-safe-1-600.jpg,good
C:\temp\i-love-data\grabbers\downloads\broken\8.red-crushed-soda-can-aluminum-101555043.jpg,broken
C:\temp\i-love-data\grabbers\downloads\broken\18.crushed-soda-can-13236045.jpg,broken
C:\temp\i-love-data\grabbers\downloads\broken\crushed-soda-can-a6y7fy.jpg,broken
C:\temp\i-love-data\grabbers\downloads\good\soda-can-mockup-free-psd-1.jpg,good
C:\temp\i-love-data\grabbers\downloads\good\coke-can-secret-safe.png,good
C:\temp\i-love-data\grabbers\downloads\good\8041892829_daeb701c1b_o.jpg,good
C:\temp\i-love-data\grabbers\downloads\broken\CrushedSodaCanCocaCola3dsmaxvray3dmodel00.jpgb08b9 (1).jpg,broken
C:\temp\i-love-data\grabbers\downloads\good\vector-soda-can-template.jpg,good
C:\temp\i-love-data\grabbers\downloads\broken\empty-dented-crushed-can-chisinau-moldova-august-c.jpg,broken
C:\temp\i-love-data\grabbers\downloads\good\770ab070617819.5ba9b5ce22e40.jpg,good
C:\temp\i-love-data\grabbers\downloads\broken\391001.jpg,broken
C:\temp\i-love-data\grabbers\downloads\good\b20fb1bd2398ecaa964b211a35a67ef1.jpg,good
C:\temp\i-love-data\grabbers\downloads\broken\50.s-l300.jpg,broken
C:\temp\i-love-data\grabbers\downloads\broken\2798896_Crushed_Soda_Can_2_Coca_Cola_0006.jpg,broken
C:\temp\i-love-data\grabbers\downloads\good\coke-pepsi-mini-cans.jpg,good
C:\temp\i-love-data\grabbers\downloads\broken\81.crushed-soda-can-lying-in-grass-in-sepia-tone.jpg,broken
"C:\temp\i-love-data\grabbers\downloads\broken\29.stf,small,600x600-pad,750x1000,f8f8f8.jpg",broken
C:\temp\i-love-data\grabbers\downloads\good\Coca-cola_50cl_can_-_Italia.jpg (1).jpg,good
C:\temp\i-love-data\grabbers\downloads\good\53.81HGN0glNbL._SX355_.jpg,good
C:\temp\i-love-data\grabbers\downloads\good\38.shasta-can.jpg,good
C:\temp\i-love-data\grabbers\downloads\good\3086326218_90a80358c1_o.jpg,good
C:\temp\i-love-data\grabbers\downloads\good\coke%20can.jpg (1).jpg,good
C:\temp\i-love-data\grabbers\downloads\broken\10.4456569_0.jpg,broken
C:\temp\i-love-data\grabbers\downloads\broken\11.crushed-soda-can-stock-image__391001.jpg,broken
C:\temp\i-love-data\grabbers\downloads\broken\2798897_Crushed_Soda_Can_2_Coca_Cola_0007.jpg,broken
C:\temp\i-love-data\grabbers\downloads\good\aiqrK56iM.jpeg,good
C:\temp\i-love-data\grabbers\downloads\good\coca-cola-stash-can-12-oz-1_1-2.jpg,good
C:\temp\i-love-data\grabbers\downloads\broken\170516173626-crushed-soda-can-exlarge-169.jpg,broken
C:\temp\i-love-data\grabbers\downloads\broken\17.original-3344580-1.jpg,broken
C:\temp\i-love-data\grabbers\downloads\good\orange_sode_can_x6.jpg,good
C:\temp\i-love-data\grabbers\downloads\good\popscan_blogspot_com_angry_birds_soda_2_01.jpg,good
C:\temp\i-love-data\grabbers\downloads\good\56-561852_free-crushed-soda-can-png-crush-lime-sod.png,good
C:\temp\i-love-data\grabbers\downloads\broken\2799263_Crushed_Soda_Can_3_Coca_Cola_0011.jpg,broken
C:\temp\i-love-data\grabbers\downloads\broken\2799433_Crushed_Soda_Can_3_0008.jpg,broken
C:\temp\i-love-data\grabbers\downloads\good\dribbbble.jpg,good
C:\temp\i-love-data\grabbers\downloads\good\150728162812-soda-cans-super-169.jpg,good
C:\temp\i-love-data\grabbers\downloads\good\soda-cans_EUHH.jpg,good
C:\temp\i-love-data\grabbers\downloads\broken\2798529_Crushed_Soda_Can_Coca_Cola_0002.jpg,broken
C:\temp\i-love-data\grabbers\downloads\good\Soda-Can-PSD-Mockups-Product-Shot.jpg,good
C:\temp\i-love-data\grabbers\downloads\broken\crushed-soda-can-v1QMrO9-600.jpg,broken
C:\temp\i-love-data\grabbers\downloads\good\28098050075253.58c6f01057c6e.jpg,good
C:\temp\i-love-data\grabbers\downloads\good\83.Falling-Soda-Cans-Mockup-4.jpg,good
C:\temp\i-love-data\grabbers\downloads\broken\2799258_Crushed_Soda_Can_3_Coca_Cola_0006.jpg,broken
C:\temp\i-love-data\grabbers\downloads\broken\CrushedSodaCanCocaCola3dsmaxvray3dmodel00.jpg,broken
C:\temp\i-love-data\grabbers\downloads\broken\3.28697180-crushed-soda-can.jpg,broken
C:\temp\i-love-data\grabbers\downloads\broken\Bibite+light.jpg,broken
